Timestamp_UTC,Asset_Type,Transaction_Side,Net_Asset_Value_USD,Current_Peak_Drawdown_Percent
2026-04-22T21:30:00Z,Equity,BUY,100000.0,0.8261
2026-04-23T21:30:00Z,Equity,BUY,100000.0,0.8261
2026-04-24T16:00:00Z,Equity,BUY,99966.04,0.0
2026-04-27T16:00:00Z,Equity,BUY,99498.29,0.4679
2026-04-27T21:30:00Z,Equity,BUY,99498.29,0.8261
2026-04-28T16:00:00Z,Equity,BUY,99480.04,0.4862
2026-04-28T21:30:00Z,Equity,BUY,99480.04,0.8261
2026-04-29T16:00:00Z,Equity,BUY,100688.79,0.0
2026-04-29T21:30:00Z,Equity,BUY,100688.79,0.8261
2026-05-01T16:00:00Z,Equity,BUY,100665.21,0.0234
2026-05-01T21:30:00Z,Equity,BUY,100665.21,0.8261
2026-05-05T16:00:00Z,Equity,BUY,99083.7,1.5941
2026-05-06T16:00:00Z,Equity,BUY,98873.51,1.8029
2026-05-06T21:30:00Z,Equity,BUY,98873.51,0.8261
2026-05-07T16:00:00Z,Equity,BUY,99251.98,1.427
2026-05-08T16:00:00Z,Equity,BUY,99840.89,0.8421
2026-05-08T21:30:00Z,Equity,BUY,99840.89,0.8261
2026-05-11T16:00:00Z,Equity,BUY,99739.81,0.9425
2026-05-11T21:30:00Z,Equity,BUY,99739.81,0.8261
2026-05-12T16:00:00Z,Equity,BUY,100243.98,0.4418
2026-05-12T21:30:00Z,Equity,BUY,100243.98,0.8261
2026-05-13T16:00:00Z,Equity,BUY,100486.26,0.2011
2026-05-13T21:30:00Z,Equity,BUY,100486.26,0.8261
2026-05-14T16:00:00Z,Equity,BUY,100259.41,0.4264
2026-05-15T16:00:00Z,Equity,BUY,100413.03,0.2739
2026-05-15T21:30:00Z,Equity,BUY,100413.03,0.8261
2026-05-15T21:30:00Z,Dividend_Harvest,BUY,100413.03,0.8261
2026-05-18T16:00:00Z,Equity,BUY,101255.0,0.0
2026-05-19T16:00:00Z,Equity,BUY,101596.04,0.0
2026-05-20T16:00:00Z,Equity,BUY,101596.04,0.0
2026-05-20T21:30:00Z,Covered_Call,CC_WRITTEN,101596.04,0.8261
2026-05-20T21:30:00Z,Covered_Call,CC_WRITTEN,101596.04,0.8261
2026-05-21T16:00:00Z,Equity,BUY,101627.6,0.0
2026-05-22T16:00:00Z,Equity,BUY,102182.63,0.0
2026-05-22T21:30:00Z,Dividend_Harvest,BUY,102182.63,0.8261
2026-05-26T16:00:00Z,Equity,BUY,102504.63,0.0
2026-05-27T16:00:00Z,Equity,BUY,102560.03,0.0
2026-05-28T16:00:00Z,Equity,BUY,102356.69,0.1983
2026-06-01T16:00:00Z,Equity,BUY,103066.23,0.0
2026-06-01T21:30:00Z,Covered_Call,CC_WRITTEN,103066.23,0.8261
2026-06-02T16:00:00Z,Equity,BUY,101987.1,1.047
2026-06-03T16:00:00Z,Equity,BUY,101855.03,1.1752
2026-06-04T16:00:00Z,Equity,BUY,100841.86,2.1582
2026-06-04T21:30:00Z,Covered_Call,CC_WRITTEN,100841.86,0.8261
2026-06-05T16:00:00Z,Equity,BUY,101694.74,1.3307
2026-06-08T16:00:00Z,Equity,BUY,100463.53,2.5253
2026-06-09T16:00:00Z,Equity,BUY,99434.14,3.524
2026-06-11T21:30:00Z,Dividend_Harvest,BUY,100000.0,0.8261
2026-06-12T16:00:00Z,Equity,BUY,99015.57,3.9302
2026-06-15T16:00:00Z,Equity,BUY,99023.48,3.9225
2026-06-16T16:00:00Z,Equity,BUY,99012.2,3.9334
2026-06-17T16:00:00Z,Equity,BUY,99991.75,2.983
2026-06-19T16:00:00Z,Equity,BUY,97973.48,4.9412
2026-06-22T16:00:00Z,Equity,BUY,97891.4,5.0209
2026-06-23T16:00:00Z,Equity,BUY,98425.7,4.5025
2026-06-24T16:00:00Z,Equity,BUY,97916.19,4.9968
2026-06-25T16:00:00Z,Equity,BUY,97565.99,5.3366
2026-06-26T16:00:00Z,Equity,BUY,96551.5,6.3209
2026-06-26T21:30:00Z,Dividend_Harvest,BUY,96551.5,0.8261
2026-06-26T21:30:00Z,Dividend_Harvest,BUY,96551.5,0.8261
2026-06-29T16:00:00Z,Equity,BUY,98300.57,4.6239
2026-06-30T16:00:00Z,Equity,BUY,98000.98,4.9146
2026-07-01T16:00:00Z,Equity,BUY,98565.01,4.3673
2026-07-01T21:30:00Z,Covered_Call,CC_WRITTEN,98565.01,0.8261
2026-07-01T21:30:00Z,Covered_Call,CC_WRITTEN,98565.01,0.8261
2026-07-01T21:30:00Z,Covered_Call,CC_WRITTEN,98565.01,0.8261
2026-07-02T16:00:00Z,Equity,BUY,100038.72,2.9374
2026-07-03T16:00:00Z,Equity,BUY,102337.03,0.7075
2026-07-06T16:00:00Z,Equity,BUY,102156.99,0.8822
2026-07-07T16:00:00Z,Equity,BUY,101737.99,1.2887
2026-07-08T16:00:00Z,Equity,BUY,101469.78,1.549
2026-07-09T16:00:00Z,Equity,BUY,100181.51,2.7989
2026-07-10T16:00:00Z,Equity,BUY,101549.08,1.472
2026-07-13T16:00:00Z,Equity,BUY,102437.8,0.6097
2026-07-14T16:00:00Z,Equity,BUY,102131.11,0.9073
2026-07-15T16:00:00Z,Equity,BUY,102641.78,0.4118
2026-07-16T16:00:00Z,Equity,BUY,103395.51,0.0
2026-07-16T21:30:00Z,Dividend_Harvest,BUY,103395.51,0.8261
2026-07-17T16:00:00Z,Equity,BUY,104611.14,0.0
2026-07-20T16:00:00Z,Equity,BUY,103798.68,0.7766
2026-07-21T16:00:00Z,Equity,BUY,103463.94,1.0966
2026-07-22T16:00:00Z,Equity,BUY,103208.23,1.3411
2026-07-23T16:00:00Z,Equity,BUY,102347.67,2.1637
2026-07-24T16:00:00Z,Equity,BUY,101758.52,2.7269
2026-07-24T21:30:00Z,Dividend_Harvest,BUY,101758.52,0.8261
2026-07-27T16:00:00Z,Equity,BUY,103694.52,0.8762
2026-07-28T16:00:00Z,Equity,BUY,107533.0,0.0
2026-07-29T16:00:00Z,Equity,BUY,106057.0,1.3726
2026-07-30T16:00:00Z,Equity,BUY,105855.0,1.5605
2026-07-31T16:00:00Z,Equity,BUY,105864.0,1.5521
2026-08-03T21:30:00Z,Covered_Call,CC_WRITTEN,100000.0,0.8261
2026-08-03T21:30:00Z,Covered_Call,CC_WRITTEN,100000.0,0.8261
2026-08-03T21:30:00Z,Covered_Call,CC_WRITTEN,100000.0,0.8261
2026-08-04T16:00:00Z,Equity,BUY,104594.77,2.7324
2026-08-04T21:30:00Z,Covered_Call,CC_WRITTEN,104594.77,0.8261
2026-08-04T21:30:00Z,Covered_Call,CC_WRITTEN,104594.77,0.8261
2026-08-04T21:30:00Z,Covered_Call,CC_WRITTEN,104594.77,0.8261
2026-08-05T16:00:00Z,Equity,BUY,106084.93,1.3466
2026-08-06T16:00:00Z,Equity,BUY,105888.79,1.529
2026-08-07T16:00:00Z,Equity,BUY,106045.79,1.383
2026-08-10T16:00:00Z,Equity,BUY,105187.45,2.1812
2026-08-11T16:00:00Z,Equity,BUY,105300.24,2.0763
2026-08-12T16:00:00Z,Equity,BUY,105136.28,2.2288
2026-08-13T16:00:00Z,Equity,BUY,104401.22,2.9124
2026-08-14T16:00:00Z,Equity,BUY,105619.19,1.7797
2026-08-14T21:30:00Z,Covered_Call,CC_WRITTEN,105619.19,0.8261
2026-08-14T21:30:00Z,Covered_Call,CC_WRITTEN,105619.19,0.8261
2026-08-17T16:00:00Z,Equity,BUY,105200.0,2.1696
2026-08-18T16:00:00Z,Equity,BUY,105400.0,1.9836
2026-08-19T16:00:00Z,Equity,BUY,105600.0,1.7976
2026-08-20T16:00:00Z,Equity,BUY,105800.0,1.6116
2026-08-21T16:00:00Z,Equity,BUY,106000.0,1.4256
2026-08-24T16:00:00Z,Equity,BUY,106200.0,1.2396
2026-08-25T16:00:00Z,Equity,BUY,106400.0,1.0536
2026-08-26T16:00:00Z,Equity,BUY,106600.0,0.8676
2026-08-27T16:00:00Z,Equity,BUY,106800.0,0.6817
2026-08-28T16:00:00Z,Equity,BUY,107000.0,0.4957
2026-09-01T16:00:00Z,Equity,BUY,107800.0,0.0
2026-09-02T16:00:00Z,Equity,BUY,108141.17,0.0
2026-09-02T21:30:00Z,Covered_Call,CC_WRITTEN,108141.17,0.8261
2026-09-03T16:00:00Z,Equity,BUY,108724.53,0.0
2026-09-04T16:00:00Z,Equity,BUY,109484.76,0.0
2026-09-07T16:00:00Z,Equity,BUY,107913.11,1.4355
2026-09-08T16:00:00Z,Equity,BUY,107266.21,2.0264
2026-09-09T16:00:00Z,Equity,BUY,106794.98,2.4568
2026-09-11T16:00:00Z,Equity,BUY,106980.9,2.2869
2026-09-11T21:30:00Z,Covered_Call,CC_WRITTEN,106980.9,0.8261
2026-09-11T21:30:00Z,SPY_Option,SELL,106980.9,0.8261
2026-09-11T21:30:00Z,SPY_Option,BUY,106980.9,0.8261
2026-09-11T21:30:00Z,SPY_Option,BUY,106980.9,0.8261
2026-09-14T16:00:00Z,Equity,BUY,107911.19,1.4373
2026-09-15T16:00:00Z,Equity,BUY,108326.43,1.058
2026-09-16T16:00:00Z,Equity,BUY,108327.07,1.0574
2026-09-17T16:00:00Z,Equity,BUY,107699.95,1.6302
2026-09-18T16:00:00Z,Equity,BUY,107997.83,1.3581
2026-09-19T16:00:00Z,Equity,BUY,107488.51,1.8233
2026-09-21T16:00:00Z,Equity,BUY,107803.52,1.5356
2026-09-22T16:00:00Z,Equity,BUY,108580.29,0.8261
